<?xml version="1.0" encoding="UTF-8"?>
<?xml-stylesheet type="text/xsl" href="calendar.xslt"?>
<CALENDAR>
	<MONTH num="10" year="2004">
		<!-- start is the day of the week that the month
starts. Wednesday in this case -->
		<EVENT date="4">
			<PARA>Some event description</PARA>
		</EVENT>
		<EVENT date="24">
			<PARA>another event description</PARA>
		</EVENT>
		<!--Lots of time for vacation this month! -->
	</MONTH>
	<MONTH num="11" year="2004">
		<EVENT date="5">
			<PARA>Some event description</PARA>
			<PARA>Second para of description</PARA>
		</EVENT>
		<EVENT date="17">
			<PARA>first event description</PARA>
		</EVENT>
		<EVENT date="17">
			<PARA>second event description</PARA>
		</EVENT>
	</MONTH>
	<!--May be more MONTHs -->
</CALENDAR>
